ID,YEAR,MONTH,DAY,HOUR,MINUTE,SECOND,LOCATION,TEMPERATURE
0,2018,8,16,1,1,2,Braamfontein,-7.6
1,2018,8,16,1,1,3,Braamfontein,-8.49
2,2018,8,16,1,1,4,Braamfontein,-8.28
3,2018,8,16,1,1,5,Braamfontein,-8.82
4,2018,8,16,1,1,6,Braamfontein,-8.41
5,2018,8,16,1,1,7,Braamfontein,-6.73
6,2018,8,16,1,1,8,Braamfontein,-8.26
7,2018,8,16,1,1,9,Braamfontein,-9.01
8,2018,8,16,1,1,10,Braamfontein,-8.12
9,2018,8,16,1,1,11,Braamfontein,-10.0
10,2018,8,16,1,1,12,Braamfontein,-8.76
11,2018,8,16,1,1,13,Braamfontein,-7.5
12,2018,8,16,1,1,14,Braamfontein,-5.62
13,2018,8,16,1,1,15,Braamfontein,-5.38
14,2018,8,16,1,1,16,Braamfontein,-7.38
15,2018,8,16,1,1,17,Braamfontein,-8.4
16,2018,8,16,1,1,18,Braamfontein,-8.77
17,2018,8,16,1,1,19,Braamfontein,-7.45
18,2018,8,16,1,1,20,Braamfontein,-7.6
19,2018,8,16,1,1,21,Braamfontein,-8.85
20,2018,8,16,1,1,22,Braamfontein,-7.46
21,2018,8,16,1,1,23,Braamfontein,-6.49
22,2018,8,16,1,1,24,Braamfontein,-4.57
23,2018,8,16,1,1,25,Braamfontein,-5.9
24,2018,8,16,1,1,26,Braamfontein,-7.24
25,2018,8,16,1,1,27,Braamfontein,-8.14
26,2018,8,16,1,1,28,Braamfontein,-8.25
27,2018,8,16,1,1,29,Braamfontein,-9.14
28,2018,8,16,1,1,30,Braamfontein,-8.0
29,2018,8,16,1,1,31,Braamfontein,-7.64
30,2018,8,16,1,1,32,Braamfontein,-8.98
31,2018,8,16,1,1,33,Braamfontein,-8.0
32,2018,8,16,1,1,34,Braamfontein,-7.86
33,2018,8,16,1,1,35,Braamfontein,-8.86
34,2018,8,16,1,1,36,Braamfontein,-7.61
35,2018,8,16,1,1,37,Braamfontein,-8.88
36,2018,8,16,1,1,38,Braamfontein,-8.01
37,2018,8,16,1,1,39,Braamfontein,-7.06
38,2018,8,16,1,1,40,Braamfontein,-6.77
39,2018,8,16,1,1,41,Braamfontein,-6.89
40,2018,8,16,1,1,42,Braamfontein,-4.93
41,2018,8,16,1,1,43,Braamfontein,-5.3
42,2018,8,16,1,1,44,Braamfontein,-6.48
43,2018,8,16,1,1,45,Braamfontein,-4.9
44,2018,8,16,1,1,46,Braamfontein,-3.9
45,2018,8,16,1,1,47,Braamfontein,-5.17
46,2018,8,16,1,1,48,Braamfontein,-4.44
47,2018,8,16,1,1,49,Braamfontein,-5.76
48,2018,8,16,1,1,50,Braamfontein,-3.9
49,2018,8,16,1,1,51,Braamfontein,-5.14
50,2018,8,16,1,1,52,Braamfontein,-4.2
51,2018,8,16,1,1,53,Braamfontein,-5.05
52,2018,8,16,1,1,54,Braamfontein,-5.65
53,2018,8,16,1,1,55,Braamfontein,-4.8
54,2018,8,16,1,1,56,Braamfontein,-4.6
55,2018,8,16,1,1,57,Braamfontein,-3.73
56,2018,8,16,1,1,58,Braamfontein,-5.48
57,2018,8,16,1,1,59,Braamfontein,-3.72
58,2018,8,16,1,1,60,Braamfontein,-5.1
59,2018,8,16,1,2,1,Braamfontein,-4.16
60,2018,8,16,1,2,2,Braamfontein,-4.84
61,2018,8,16,1,2,3,Braamfontein,-5.46
62,2018,8,16,1,2,4,Braamfontein,-5.53
63,2018,8,16,1,2,5,Braamfontein,-5.7
64,2018,8,16,1,2,6,Braamfontein,-5.94
65,2018,8,16,1,2,7,Braamfontein,-4.62
66,2018,8,16,1,2,8,Braamfontein,-2.65
67,2018,8,16,1,2,9,Braamfontein,-1.93
68,2018,8,16,1,2,10,Braamfontein,-3.7
69,2018,8,16,1,2,11,Braamfontein,-3.38
70,2018,8,16,1,2,12,Braamfontein,-1.98
71,2018,8,16,1,2,13,Braamfontein,-1.0
72,2018,8,16,1,2,14,Braamfontein,-2.61
73,2018,8,16,1,2,15,Braamfontein,-3.38
74,2018,8,16,1,2,16,Braamfontein,-4.58
75,2018,8,16,1,2,17,Braamfontein,-2.85
76,2018,8,16,1,2,18,Braamfontein,-2.06
77,2018,8,16,1,2,19,Braamfontein,-3.36
78,2018,8,16,1,2,20,Braamfontein,-3.04
79,2018,8,16,1,2,21,Braamfontein,-3.74
80,2018,8,16,1,2,22,Braamfontein,-5.61
81,2018,8,16,1,2,23,Braamfontein,-5.98
82,2018,8,16,1,2,24,Braamfontein,-7.81
83,2018,8,16,1,2,25,Braamfontein,-9.7
84,2018,8,16,1,2,26,Braamfontein,-7.7
85,2018,8,16,1,2,27,Braamfontein,-9.14
86,2018,8,16,1,2,28,Braamfontein,-9.92
87,2018,8,16,1,2,29,Braamfontein,-8.06
88,2018,8,16,1,2,30,Braamfontein,-6.33
89,2018,8,16,1,2,31,Braamfontein,-6.94
90,2018,8,16,1,2,32,Braamfontein,-5.88
91,2018,8,16,1,2,33,Braamfontein,-5.22
92,2018,8,16,1,2,34,Braamfontein,-4.45
93,2018,8,16,1,2,35,Braamfontein,-4.24
94,2018,8,16,1,2,36,Braamfontein,-4.7
95,2018,8,16,1,2,37,Braamfontein,-3.8
96,2018,8,16,1,2,38,Braamfontein,-3.84
97,2018,8,16,1,2,39,Braamfontein,-2.0
98,2018,8,16,1,2,40,Braamfontein,-3.86
99,2018,8,16,1,2,41,Braamfontein,-2.72
100,2018,8,16,1,2,42,Braamfontein,-2.26
101,2018,8,16,1,2,43,Braamfontein,-3.89
102,2018,8,16,1,2,44,Braamfontein,-4.72
103,2018,8,16,1,2,45,Braamfontein,-2.77
104,2018,8,16,1,2,46,Braamfontein,-1.09
105,2018,8,16,1,2,47,Braamfontein,-1.16
106,2018,8,16,1,2,48,Braamfontein,-1.57
107,2018,8,16,1,2,49,Braamfontein,-2.84
108,2018,8,16,1,2,50,Braamfontein,-3.48
109,2018,8,16,1,2,51,Braamfontein,-4.6
110,2018,8,16,1,2,52,Braamfontein,-5.52
111,2018,8,16,1,2,53,Braamfontein,-5.89
112,2018,8,16,1,2,54,Braamfontein,-5.92
113,2018,8,16,1,2,55,Braamfontein,-4.7
114,2018,8,16,1,2,56,Braamfontein,-3.97
115,2018,8,16,1,2,57,Braamfontein,-4.7
116,2018,8,16,1,2,58,Braamfontein,-4.5
117,2018,8,16,1,2,59,Braamfontein,-3.97
118,2018,8,16,1,2,60,Braamfontein,-2.09
119,2018,8,16,1,3,1,Braamfontein,-4.0
120,2018,8,16,1,3,2,Braamfontein,-4.74
121,2018,8,16,1,3,3,Braamfontein,-4.28
122,2018,8,16,1,3,4,Braamfontein,-6.2
123,2018,8,16,1,3,5,Braamfontein,-5.16
124,2018,8,16,1,3,6,Braamfontein,-4.41
125,2018,8,16,1,3,7,Braamfontein,-5.61
126,2018,8,16,1,3,8,Braamfontein,-5.8
127,2018,8,16,1,3,9,Braamfontein,-4.14
128,2018,8,16,1,3,10,Braamfontein,-6.06
129,2018,8,16,1,3,11,Braamfontein,-6.3
130,2018,8,16,1,3,12,Braamfontein,-7.17
131,2018,8,16,1,3,13,Braamfontein,-7.92
132,2018,8,16,1,3,14,Braamfontein,-7.29
133,2018,8,16,1,3,15,Braamfontein,-5.68
134,2018,8,16,1,3,16,Braamfontein,-7.5
135,2018,8,16,1,3,17,Braamfontein,-6.2
136,2018,8,16,1,3,18,Braamfontein,-6.06
137,2018,8,16,1,3,19,Braamfontein,-4.24
138,2018,8,16,1,3,20,Braamfontein,-6.0
139,2018,8,16,1,3,21,Braamfontein,-4.0
140,2018,8,16,1,3,22,Braamfontein,-3.18
141,2018,8,16,1,3,23,Braamfontein,-3.01
142,2018,8,16,1,3,24,Braamfontein,-1.82
143,2018,8,16,1,3,25,Braamfontein,-3.17
144,2018,8,16,1,3,26,Braamfontein,-2.14
145,2018,8,16,1,3,27,Braamfontein,-2.24
146,2018,8,16,1,3,28,Braamfontein,-2.26
147,2018,8,16,1,3,29,Braamfontein,-2.62
148,2018,8,16,1,3,30,Braamfontein,-3.32
149,2018,8,16,1,3,31,Braamfontein,-4.22
150,2018,8,16,1,3,32,Braamfontein,-2.65
151,2018,8,16,1,3,33,Braamfontein,-1.92
152,2018,8,16,1,3,34,Braamfontein,-1.2
153,2018,8,16,1,3,35,Braamfontein,-2.94
154,2018,8,16,1,3,36,Braamfontein,-2.16
155,2018,8,16,1,3,37,Braamfontein,-0.76
156,2018,8,16,1,3,38,Braamfontein,-1.4
157,2018,8,16,1,3,39,Braamfontein,-2.9
158,2018,8,16,1,3,40,Braamfontein,-2.84
159,2018,8,16,1,3,41,Braamfontein,-1.0
160,2018,8,16,1,3,42,Braamfontein,-1.68
161,2018,8,16,1,3,43,Braamfontein,-0.06
162,2018,8,16,1,3,44,Braamfontein,1.7
163,2018,8,16,1,3,45,Braamfontein,3.66
164,2018,8,16,1,3,46,Braamfontein,2.55
165,2018,8,16,1,3,47,Braamfontein,4.28
166,2018,8,16,1,3,48,Braamfontein,3.74
167,2018,8,16,1,3,49,Braamfontein,2.46
168,2018,8,16,1,3,50,Braamfontein,3.19
169,2018,8,16,1,3,51,Braamfontein,3.16
170,2018,8,16,1,3,52,Braamfontein,3.11
171,2018,8,16,1,3,53,Braamfontein,3.38
172,2018,8,16,1,3,54,Braamfontein,4.96
173,2018,8,16,1,3,55,Braamfontein,3.75
174,2018,8,16,1,3,56,Braamfontein,4.78
175,2018,8,16,1,3,57,Braamfontein,4.31
176,2018,8,16,1,3,58,Braamfontein,2.78
177,2018,8,16,1,3,59,Braamfontein,2.66
178,2018,8,16,1,3,60,Braamfontein,2.94
179,2018,8,16,1,4,1,Braamfontein,4.16
180,2018,8,16,1,4,2,Braamfontein,3.59
181,2018,8,16,1,4,3,Braamfontein,1.59
182,2018,8,16,1,4,4,Braamfontein,2.22
183,2018,8,16,1,4,5,Braamfontein,2.55
184,2018,8,16,1,4,6,Braamfontein,1.4
185,2018,8,16,1,4,7,Braamfontein,1.19
186,2018,8,16,1,4,8,Braamfontein,1.84
187,2018,8,16,1,4,9,Braamfontein,2.19
188,2018,8,16,1,4,10,Braamfontein,2.1
189,2018,8,16,1,4,11,Braamfontein,2.12
190,2018,8,16,1,4,12,Braamfontein,2.08
191,2018,8,16,1,4,13,Braamfontein,0.24
192,2018,8,16,1,4,14,Braamfontein,-0.7
193,2018,8,16,1,4,15,Braamfontein,0.43
194,2018,8,16,1,4,16,Braamfontein,-1.25
195,2018,8,16,1,4,17,Braamfontein,0.27
196,2018,8,16,1,4,18,Braamfontein,-0.26
197,2018,8,16,1,4,19,Braamfontein,1.26
198,2018,8,16,1,4,20,Braamfontein,-0.65
199,2018,8,16,1,4,21,Braamfontein,-1.66
200,2018,8,16,1,4,22,Braamfontein,-0.7
201,2018,8,16,1,4,23,Braamfontein,-2.38
202,2018,8,16,1,4,24,Braamfontein,-3.14
203,2018,8,16,1,4,25,Braamfontein,-2.08
204,2018,8,16,1,4,26,Braamfontein,-2.46
205,2018,8,16,1,4,27,Braamfontein,-4.3
206,2018,8,16,1,4,28,Braamfontein,-2.94
207,2018,8,16,1,4,29,Braamfontein,-3.57
208,2018,8,16,1,4,30,Braamfontein,-5.34
209,2018,8,16,1,4,31,Braamfontein,-4.36
210,2018,8,16,1,4,32,Braamfontein,-4.57
211,2018,8,16,1,4,33,Braamfontein,-5.37
212,2018,8,16,1,4,34,Braamfontein,-4.82
213,2018,8,16,1,4,35,Braamfontein,-2.94
214,2018,8,16,1,4,36,Braamfontein,-3.2
215,2018,8,16,1,4,37,Braamfontein,-4.49
216,2018,8,16,1,4,38,Braamfontein,-2.96
217,2018,8,16,1,4,39,Braamfontein,-3.4
218,2018,8,16,1,4,40,Braamfontein,-4.22
219,2018,8,16,1,4,41,Braamfontein,-3.48
220,2018,8,16,1,4,42,Braamfontein,-2.76
221,2018,8,16,1,4,43,Braamfontein,-4.02
222,2018,8,16,1,4,44,Braamfontein,-2.41
223,2018,8,16,1,4,45,Braamfontein,-0.86
224,2018,8,16,1,4,46,Braamfontein,-0.22
225,2018,8,16,1,4,47,Braamfontein,0.31
226,2018,8,16,1,4,48,Braamfontein,1.91
227,2018,8,16,1,4,49,Braamfontein,3.51
228,2018,8,16,1,4,50,Braamfontein,2.3
229,2018,8,16,1,4,51,Braamfontein,2.31
230,2018,8,16,1,4,52,Braamfontein,1.31
231,2018,8,16,1,4,53,Braamfontein,1.3
232,2018,8,16,1,4,54,Braamfontein,0.08
233,2018,8,16,1,4,55,Braamfontein,-1.7
234,2018,8,16,1,4,56,Braamfontein,-2.32
235,2018,8,16,1,4,57,Braamfontein,-2.46
236,2018,8,16,1,4,58,Braamfontein,-1.18
237,2018,8,16,1,4,59,Braamfontein,0.0
238,2018,8,16,1,4,60,Braamfontein,0.47
239,2018,8,16,1,5,1,Braamfontein,2.43
240,2018,8,16,1,5,2,Braamfontein,3.99
241,2018,8,16,1,5,3,Braamfontein,5.39
242,2018,8,16,1,5,4,Braamfontein,4.3
243,2018,8,16,1,5,5,Braamfontein,4.96
244,2018,8,16,1,5,6,Braamfontein,3.98
245,2018,8,16,1,5,7,Braamfontein,5.44
246,2018,8,16,1,5,8,Braamfontein,3.8
247,2018,8,16,1,5,9,Braamfontein,5.03
248,2018,8,16,1,5,10,Braamfontein,4.06
249,2018,8,16,1,5,11,Braamfontein,4.03
250,2018,8,16,1,5,12,Braamfontein,4.1
251,2018,8,16,1,5,13,Braamfontein,5.66
252,2018,8,16,1,5,14,Braamfontein,3.78
253,2018,8,16,1,5,15,Braamfontein,4.59
254,2018,8,16,1,5,16,Braamfontein,5.98
255,2018,8,16,1,5,17,Braamfontein,6.46
256,2018,8,16,1,5,18,Braamfontein,6.26
257,2018,8,16,1,5,19,Braamfontein,6.83
258,2018,8,16,1,5,20,Braamfontein,7.72
259,2018,8,16,1,5,21,Braamfontein,6.98
260,2018,8,16,1,5,22,Braamfontein,6.06
261,2018,8,16,1,5,23,Braamfontein,7.98
262,2018,8,16,1,5,24,Braamfontein,9.66
263,2018,8,16,1,5,25,Braamfontein,9.87
264,2018,8,16,1,5,26,Braamfontein,9.46
265,2018,8,16,1,5,27,Braamfontein,11.14
266,2018,8,16,1,5,28,Braamfontein,12.59
267,2018,8,16,1,5,29,Braamfontein,10.83
268,2018,8,16,1,5,30,Braamfontein,9.4
269,2018,8,16,1,5,31,Braamfontein,10.11
270,2018,8,16,1,5,32,Braamfontein,10.66
271,2018,8,16,1,5,33,Braamfontein,10.4
272,2018,8,16,1,5,34,Braamfontein,8.64
273,2018,8,16,1,5,35,Braamfontein,10.03
274,2018,8,16,1,5,36,Braamfontein,10.36
275,2018,8,16,1,5,37,Braamfontein,11.28
276,2018,8,16,1,5,38,Braamfontein,10.16
277,2018,8,16,1,5,39,Braamfontein,9.32
278,2018,8,16,1,5,40,Braamfontein,7.9
279,2018,8,16,1,5,41,Braamfontein,8.6
280,2018,8,16,1,5,42,Braamfontein,8.74
281,2018,8,16,1,5,43,Braamfontein,10.08
282,2018,8,16,1,5,44,Braamfontein,8.24
283,2018,8,16,1,5,45,Braamfontein,9.22
284,2018,8,16,1,5,46,Braamfontein,8.95
285,2018,8,16,1,5,47,Braamfontein,9.4
286,2018,8,16,1,5,48,Braamfontein,10.58
287,2018,8,16,1,5,49,Braamfontein,8.88
288,2018,8,16,1,5,50,Braamfontein,10.52
289,2018,8,16,1,5,51,Braamfontein,8.72
290,2018,8,16,1,5,52,Braamfontein,9.06
291,2018,8,16,1,5,53,Braamfontein,7.36
292,2018,8,16,1,5,54,Braamfontein,7.56
293,2018,8,16,1,5,55,Braamfontein,6.19
294,2018,8,16,1,5,56,Braamfontein,7.79
295,2018,8,16,1,5,57,Braamfontein,9.58
296,2018,8,16,1,5,58,Braamfontein,8.2
297,2018,8,16,1,5,59,Braamfontein,9.19
298,2018,8,16,1,5,60,Braamfontein,10.3
299,2018,8,16,1,6,1,Braamfontein,8.5
300,2018,8,16,1,6,2,Braamfontein,10.14
301,2018,8,16,1,6,3,Braamfontein,9.22
302,2018,8,16,1,6,4,Braamfontein,9.16
303,2018,8,16,1,6,5,Braamfontein,8.88
304,2018,8,16,1,6,6,Braamfontein,9.22
305,2018,8,16,1,6,7,Braamfontein,7.91
306,2018,8,16,1,6,8,Braamfontein,6.24
307,2018,8,16,1,6,9,Braamfontein,4.75
308,2018,8,16,1,6,10,Braamfontein,3.48
309,2018,8,16,1,6,11,Braamfontein,3.3
310,2018,8,16,1,6,12,Braamfontein,5.0
311,2018,8,16,1,6,13,Braamfontein,5.07
312,2018,8,16,1,6,14,Braamfontein,3.59
313,2018,8,16,1,6,15,Braamfontein,1.86
314,2018,8,16,1,6,16,Braamfontein,2.5
315,2018,8,16,1,6,17,Braamfontein,2.4
316,2018,8,16,1,6,18,Braamfontein,3.56
317,2018,8,16,1,6,19,Braamfontein,4.64
318,2018,8,16,1,6,20,Braamfontein,4.44
319,2018,8,16,1,6,21,Braamfontein,2.87
320,2018,8,16,1,6,22,Braamfontein,3.86
321,2018,8,16,1,6,23,Braamfontein,4.27
322,2018,8,16,1,6,24,Braamfontein,5.39
323,2018,8,16,1,6,25,Braamfontein,6.72
324,2018,8,16,1,6,26,Braamfontein,6.56
325,2018,8,16,1,6,27,Braamfontein,6.32
326,2018,8,16,1,6,28,Braamfontein,4.34
327,2018,8,16,1,6,29,Braamfontein,5.64
328,2018,8,16,1,6,30,Braamfontein,5.43
329,2018,8,16,1,6,31,Braamfontein,4.74
330,2018,8,16,1,6,32,Braamfontein,4.71
331,2018,8,16,1,6,33,Braamfontein,4.8
332,2018,8,16,1,6,34,Braamfontein,6.58
333,2018,8,16,1,6,35,Braamfontein,5.94
334,2018,8,16,1,6,36,Braamfontein,7.72
335,2018,8,16,1,6,37,Braamfontein,7.83
336,2018,8,16,1,6,38,Braamfontein,8.32
337,2018,8,16,1,6,39,Braamfontein,7.87
338,2018,8,16,1,6,40,Braamfontein,7.39
339,2018,8,16,1,6,41,Braamfontein,5.68
340,2018,8,16,1,6,42,Braamfontein,3.83
341,2018,8,16,1,6,43,Braamfontein,3.43
342,2018,8,16,1,6,44,Braamfontein,2.75
343,2018,8,16,1,6,45,Braamfontein,0.82
344,2018,8,16,1,6,46,Braamfontein,-0.78
345,2018,8,16,1,6,47,Braamfontein,-2.4
346,2018,8,16,1,6,48,Braamfontein,-2.69
347,2018,8,16,1,6,49,Braamfontein,-1.45
348,2018,8,16,1,6,50,Braamfontein,0.42
349,2018,8,16,1,6,51,Braamfontein,0.8
350,2018,8,16,1,6,52,Braamfontein,2.4
351,2018,8,16,1,6,53,Braamfontein,1.39
352,2018,8,16,1,6,54,Braamfontein,1.82
353,2018,8,16,1,6,55,Braamfontein,0.18
354,2018,8,16,1,6,56,Braamfontein,0.11
355,2018,8,16,1,6,57,Braamfontein,0.75
356,2018,8,16,1,6,58,Braamfontein,0.86
357,2018,8,16,1,6,59,Braamfontein,-0.68
358,2018,8,16,1,6,60,Braamfontein,-1.92
359,2018,8,16,1,7,1,Braamfontein,-0.49
360,2018,8,16,1,7,2,Braamfontein,-1.64
361,2018,8,16,1,7,3,Braamfontein,-3.44
362,2018,8,16,1,7,4,Braamfontein,-4.25
363,2018,8,16,1,7,5,Braamfontein,-6.17
364,2018,8,16,1,7,6,Braamfontein,-7.48
365,2018,8,16,1,7,7,Braamfontein,-6.74
366,2018,8,16,1,7,8,Braamfontein,-8.6
367,2018,8,16,1,7,9,Braamfontein,-7.9
368,2018,8,16,1,7,10,Braamfontein,-6.16
369,2018,8,16,1,7,11,Braamfontein,-4.38
370,2018,8,16,1,7,12,Braamfontein,-3.08
371,2018,8,16,1,7,13,Braamfontein,-1.73
372,2018,8,16,1,7,14,Braamfontein,-0.64
373,2018,8,16,1,7,15,Braamfontein,-1.36
374,2018,8,16,1,7,16,Braamfontein,-1.76
375,2018,8,16,1,7,17,Braamfontein,-3.6
376,2018,8,16,1,7,18,Braamfontein,-1.92
377,2018,8,16,1,7,19,Braamfontein,0.08
378,2018,8,16,1,7,20,Braamfontein,-1.05
379,2018,8,16,1,7,21,Braamfontein,-1.32
380,2018,8,16,1,7,22,Braamfontein,-2.44
381,2018,8,16,1,7,23,Braamfontein,-3.3
382,2018,8,16,1,7,24,Braamfontein,-3.09
383,2018,8,16,1,7,25,Braamfontein,-1.13
384,2018,8,16,1,7,26,Braamfontein,-0.93
385,2018,8,16,1,7,27,Braamfontein,-2.72
386,2018,8,16,1,7,28,Braamfontein,-4.01
387,2018,8,16,1,7,29,Braamfontein,-2.74
388,2018,8,16,1,7,30,Braamfontein,-0.84
389,2018,8,16,1,7,31,Braamfontein,-2.78
390,2018,8,16,1,7,32,Braamfontein,-2.73
391,2018,8,16,1,7,33,Braamfontein,-3.94
392,2018,8,16,1,7,34,Braamfontein,-2.73
393,2018,8,16,1,7,35,Braamfontein,-4.18
394,2018,8,16,1,7,36,Braamfontein,-5.26
395,2018,8,16,1,7,37,Braamfontein,-3.44
396,2018,8,16,1,7,38,Braamfontein,-4.09
397,2018,8,16,1,7,39,Braamfontein,-4.1
398,2018,8,16,1,7,40,Braamfontein,-2.9
399,2018,8,16,1,7,41,Braamfontein,-1.45
400,2018,8,16,1,7,42,Braamfontein,-3.36
401,2018,8,16,1,7,43,Braamfontein,-1.44
402,2018,8,16,1,7,44,Braamfontein,-0.84
403,2018,8,16,1,7,45,Braamfontein,1.0
404,2018,8,16,1,7,46,Braamfontein,-0.73
405,2018,8,16,1,7,47,Braamfontein,-1.6
406,2018,8,16,1,7,48,Braamfontein,-3.14
407,2018,8,16,1,7,49,Braamfontein,-3.45
408,2018,8,16,1,7,50,Braamfontein,-1.97
409,2018,8,16,1,7,51,Braamfontein,-2.4
410,2018,8,16,1,7,52,Braamfontein,-4.08
411,2018,8,16,1,7,53,Braamfontein,-4.29
412,2018,8,16,1,7,54,Braamfontein,-5.44
413,2018,8,16,1,7,55,Braamfontein,-3.54
414,2018,8,16,1,7,56,Braamfontein,-3.94
415,2018,8,16,1,7,57,Braamfontein,-4.86
416,2018,8,16,1,7,58,Braamfontein,-4.22
417,2018,8,16,1,7,59,Braamfontein,-5.17
418,2018,8,16,1,7,60,Braamfontein,-6.5
419,2018,8,16,1,8,1,Braamfontein,-4.69
420,2018,8,16,1,8,2,Braamfontein,-6.49
421,2018,8,16,1,8,3,Braamfontein,-8.18
422,2018,8,16,1,8,4,Braamfontein,-7.26
423,2018,8,16,1,8,5,Braamfontein,-5.44
424,2018,8,16,1,8,6,Braamfontein,-4.46
425,2018,8,16,1,8,7,Braamfontein,-6.18
426,2018,8,16,1,8,8,Braamfontein,-5.86
427,2018,8,16,1,8,9,Braamfontein,-6.22
428,2018,8,16,1,8,10,Braamfontein,-5.72
429,2018,8,16,1,8,11,Braamfontein,-6.25
430,2018,8,16,1,8,12,Braamfontein,-5.68
431,2018,8,16,1,8,13,Braamfontein,-4.0
432,2018,8,16,1,8,14,Braamfontein,-5.78
433,2018,8,16,1,8,15,Braamfontein,-5.06
434,2018,8,16,1,8,16,Braamfontein,-6.86
435,2018,8,16,1,8,17,Braamfontein,-6.81
436,2018,8,16,1,8,18,Braamfontein,-7.64
437,2018,8,16,1,8,19,Braamfontein,-7.37
438,2018,8,16,1,8,20,Braamfontein,-7.18
439,2018,8,16,1,8,21,Braamfontein,-6.94
440,2018,8,16,1,8,22,Braamfontein,-5.86
441,2018,8,16,1,8,23,Braamfontein,-5.97
442,2018,8,16,1,8,24,Braamfontein,-5.81
443,2018,8,16,1,8,25,Braamfontein,-7.05
444,2018,8,16,1,8,26,Braamfontein,-9.04
445,2018,8,16,1,8,27,Braamfontein,-7.96
446,2018,8,16,1,8,28,Braamfontein,-9.01
447,2018,8,16,1,8,29,Braamfontein,-7.56
448,2018,8,16,1,8,30,Braamfontein,-6.94
449,2018,8,16,1,8,31,Braamfontein,-5.94
450,2018,8,16,1,8,32,Braamfontein,-7.62
451,2018,8,16,1,8,33,Braamfontein,-6.62
452,2018,8,16,1,8,34,Braamfontein,-4.96
453,2018,8,16,1,8,35,Braamfontein,-4.53
454,2018,8,16,1,8,36,Braamfontein,-4.1
455,2018,8,16,1,8,37,Braamfontein,-5.73
456,2018,8,16,1,8,38,Braamfontein,-4.4
457,2018,8,16,1,8,39,Braamfontein,-3.82
458,2018,8,16,1,8,40,Braamfontein,-2.78
459,2018,8,16,1,8,41,Braamfontein,-4.49
460,2018,8,16,1,8,42,Braamfontein,-2.6
461,2018,8,16,1,8,43,Braamfontein,-1.72
462,2018,8,16,1,8,44,Braamfontein,-0.46
463,2018,8,16,1,8,45,Braamfontein,-2.41
464,2018,8,16,1,8,46,Braamfontein,-1.9
465,2018,8,16,1,8,47,Braamfontein,-3.52
466,2018,8,16,1,8,48,Braamfontein,-3.41
467,2018,8,16,1,8,49,Braamfontein,-3.41
468,2018,8,16,1,8,50,Braamfontein,-2.6
469,2018,8,16,1,8,51,Braamfontein,-3.24
470,2018,8,16,1,8,52,Braamfontein,-3.3
471,2018,8,16,1,8,53,Braamfontein,-2.36
472,2018,8,16,1,8,54,Braamfontein,-2.64
473,2018,8,16,1,8,55,Braamfontein,-2.44
474,2018,8,16,1,8,56,Braamfontein,-2.76
475,2018,8,16,1,8,57,Braamfontein,-1.26
476,2018,8,16,1,8,58,Braamfontein,-1.49
477,2018,8,16,1,8,59,Braamfontein,-2.7
478,2018,8,16,1,8,60,Braamfontein,-2.82
479,2018,8,16,1,9,1,Braamfontein,-4.62
480,2018,8,16,1,9,2,Braamfontein,-5.0
481,2018,8,16,1,9,3,Braamfontein,-3.45
482,2018,8,16,1,9,4,Braamfontein,-4.12
483,2018,8,16,1,9,5,Braamfontein,-2.8
484,2018,8,16,1,9,6,Braamfontein,-2.68
485,2018,8,16,1,9,7,Braamfontein,-4.41
486,2018,8,16,1,9,8,Braamfontein,-2.96
487,2018,8,16,1,9,9,Braamfontein,-4.45
488,2018,8,16,1,9,10,Braamfontein,-5.21
489,2018,8,16,1,9,11,Braamfontein,-4.89
490,2018,8,16,1,9,12,Braamfontein,-6.44
491,2018,8,16,1,9,13,Braamfontein,-4.72
492,2018,8,16,1,9,14,Braamfontein,-2.84
493,2018,8,16,1,9,15,Braamfontein,-2.84
494,2018,8,16,1,9,16,Braamfontein,-2.81
495,2018,8,16,1,9,17,Braamfontein,-4.06
496,2018,8,16,1,9,18,Braamfontein,-2.62
497,2018,8,16,1,9,19,Braamfontein,-2.08
498,2018,8,16,1,9,20,Braamfontein,-2.76
499,2018,8,16,1,9,21,Braamfontein,-4.41
500,2018,8,16,1,9,22,Braamfontein,-2.73
501,2018,8,16,1,9,23,Braamfontein,-1.6
502,2018,8,16,1,9,24,Braamfontein,-0.81
503,2018,8,16,1,9,25,Braamfontein,-1.21
504,2018,8,16,1,9,26,Braamfontein,-1.16
505,2018,8,16,1,9,27,Braamfontein,-2.08
506,2018,8,16,1,9,28,Braamfontein,-1.52
507,2018,8,16,1,9,29,Braamfontein,0.48
508,2018,8,16,1,9,30,Braamfontein,-1.41
509,2018,8,16,1,9,31,Braamfontein,-0.57
510,2018,8,16,1,9,32,Braamfontein,-0.12
511,2018,8,16,1,9,33,Braamfontein,1.23
512,2018,8,16,1,9,34,Braamfontein,-0.5
513,2018,8,16,1,9,35,Braamfontein,1.4
514,2018,8,16,1,9,36,Braamfontein,3.24
515,2018,8,16,1,9,37,Braamfontein,3.6
516,2018,8,16,1,9,38,Braamfontein,2.98
517,2018,8,16,1,9,39,Braamfontein,1.86
518,2018,8,16,1,9,40,Braamfontein,0.76
519,2018,8,16,1,9,41,Braamfontein,1.11
520,2018,8,16,1,9,42,Braamfontein,3.03
521,2018,8,16,1,9,43,Braamfontein,1.54
522,2018,8,16,1,9,44,Braamfontein,-0.46
523,2018,8,16,1,9,45,Braamfontein,-2.37
524,2018,8,16,1,9,46,Braamfontein,-0.9
525,2018,8,16,1,9,47,Braamfontein,-2.0
526,2018,8,16,1,9,48,Braamfontein,-2.88
527,2018,8,16,1,9,49,Braamfontein,-1.29
528,2018,8,16,1,9,50,Braamfontein,0.44
529,2018,8,16,1,9,51,Braamfontein,1.83
530,2018,8,16,1,9,52,Braamfontein,1.95
531,2018,8,16,1,9,53,Braamfontein,1.14
532,2018,8,16,1,9,54,Braamfontein,0.74
533,2018,8,16,1,9,55,Braamfontein,1.72
534,2018,8,16,1,9,56,Braamfontein,1.66
535,2018,8,16,1,9,57,Braamfontein,0.62
536,2018,8,16,1,9,58,Braamfontein,0.59
537,2018,8,16,1,9,59,Braamfontein,2.3
538,2018,8,16,1,9,60,Braamfontein,4.26
539,2018,8,16,1,10,1,Braamfontein,6.11
540,2018,8,16,1,10,2,Braamfontein,4.4
541,2018,8,16,1,10,3,Braamfontein,3.4
542,2018,8,16,1,10,4,Braamfontein,4.67
543,2018,8,16,1,10,5,Braamfontein,5.7
544,2018,8,16,1,10,6,Braamfontein,6.27
545,2018,8,16,1,10,7,Braamfontein,5.84
546,2018,8,16,1,10,8,Braamfontein,7.44
547,2018,8,16,1,10,9,Braamfontein,7.79
548,2018,8,16,1,10,10,Braamfontein,9.04
549,2018,8,16,1,10,11,Braamfontein,8.68
550,2018,8,16,1,10,12,Braamfontein,8.08
551,2018,8,16,1,10,13,Braamfontein,7.44
552,2018,8,16,1,10,14,Braamfontein,9.35
553,2018,8,16,1,10,15,Braamfontein,8.75
554,2018,8,16,1,10,16,Braamfontein,7.9
555,2018,8,16,1,10,17,Braamfontein,7.44
556,2018,8,16,1,10,18,Braamfontein,6.0
557,2018,8,16,1,10,19,Braamfontein,7.51
558,2018,8,16,1,10,20,Braamfontein,7.98
559,2018,8,16,1,10,21,Braamfontein,7.62
560,2018,8,16,1,10,22,Braamfontein,7.46
561,2018,8,16,1,10,23,Braamfontein,6.0
562,2018,8,16,1,10,24,Braamfontein,7.87
563,2018,8,16,1,10,25,Braamfontein,6.56
564,2018,8,16,1,10,26,Braamfontein,6.11
565,2018,8,16,1,10,27,Braamfontein,7.23
566,2018,8,16,1,10,28,Braamfontein,8.56
567,2018,8,16,1,10,29,Braamfontein,6.95
568,2018,8,16,1,10,30,Braamfontein,6.46
569,2018,8,16,1,10,31,Braamfontein,6.99
570,2018,8,16,1,10,32,Braamfontein,8.24
571,2018,8,16,1,10,33,Braamfontein,8.4
572,2018,8,16,1,10,34,Braamfontein,8.32
573,2018,8,16,1,10,35,Braamfontein,7.11
574,2018,8,16,1,10,36,Braamfontein,5.18
575,2018,8,16,1,10,37,Braamfontein,5.59
576,2018,8,16,1,10,38,Braamfontein,6.59
577,2018,8,16,1,10,39,Braamfontein,7.06
578,2018,8,16,1,10,40,Braamfontein,7.47
579,2018,8,16,1,10,41,Braamfontein,7.07
580,2018,8,16,1,10,42,Braamfontein,6.91
581,2018,8,16,1,10,43,Braamfontein,7.15
582,2018,8,16,1,10,44,Braamfontein,8.03
583,2018,8,16,1,10,45,Braamfontein,6.56
584,2018,8,16,1,10,46,Braamfontein,7.07
585,2018,8,16,1,10,47,Braamfontein,8.11
586,2018,8,16,1,10,48,Braamfontein,7.48
587,2018,8,16,1,10,49,Braamfontein,7.51
588,2018,8,16,1,10,50,Braamfontein,7.4
589,2018,8,16,1,10,51,Braamfontein,7.59
590,2018,8,16,1,10,52,Braamfontein,8.08
591,2018,8,16,1,10,53,Braamfontein,9.07
592,2018,8,16,1,10,54,Braamfontein,7.98
593,2018,8,16,1,10,55,Braamfontein,9.72
594,2018,8,16,1,10,56,Braamfontein,10.02
595,2018,8,16,1,10,57,Braamfontein,10.86
596,2018,8,16,1,10,58,Braamfontein,9.06
597,2018,8,16,1,10,59,Braamfontein,10.03
598,2018,8,16,1,10,60,Braamfontein,8.39
599,2018,8,16,1,11,1,Braamfontein,7.19
600,2018,8,16,1,11,2,Braamfontein,8.39
601,2018,8,16,1,11,3,Braamfontein,8.31
602,2018,8,16,1,11,4,Braamfontein,6.6
603,2018,8,16,1,11,5,Braamfontein,5.07
604,2018,8,16,1,11,6,Braamfontein,3.94
605,2018,8,16,1,11,7,Braamfontein,3.47
606,2018,8,16,1,11,8,Braamfontein,2.5
607,2018,8,16,1,11,9,Braamfontein,4.03
608,2018,8,16,1,11,10,Braamfontein,3.64
609,2018,8,16,1,11,11,Braamfontein,2.15
610,2018,8,16,1,11,12,Braamfontein,1.83
611,2018,8,16,1,11,13,Braamfontein,2.58
612,2018,8,16,1,11,14,Braamfontein,3.67
613,2018,8,16,1,11,15,Braamfontein,4.24
614,2018,8,16,1,11,16,Braamfontein,3.4
615,2018,8,16,1,11,17,Braamfontein,2.79
616,2018,8,16,1,11,18,Braamfontein,2.76
617,2018,8,16,1,11,19,Braamfontein,4.24
618,2018,8,16,1,11,20,Braamfontein,4.82
619,2018,8,16,1,11,21,Braamfontein,3.46
620,2018,8,16,1,11,22,Braamfontein,2.98
621,2018,8,16,1,11,23,Braamfontein,3.72
622,2018,8,16,1,11,24,Braamfontein,4.7
623,2018,8,16,1,11,25,Braamfontein,4.58
624,2018,8,16,1,11,26,Braamfontein,2.95
625,2018,8,16,1,11,27,Braamfontein,2.55
626,2018,8,16,1,11,28,Braamfontein,0.82
627,2018,8,16,1,11,29,Braamfontein,0.38
628,2018,8,16,1,11,30,Braamfontein,-0.88
629,2018,8,16,1,11,31,Braamfontein,-0.42
630,2018,8,16,1,11,32,Braamfontein,1.11
631,2018,8,16,1,11,33,Braamfontein,3.03
632,2018,8,16,1,11,34,Braamfontein,3.36
633,2018,8,16,1,11,35,Braamfontein,2.06
634,2018,8,16,1,11,36,Braamfontein,2.03
635,2018,8,16,1,11,37,Braamfontein,1.75
636,2018,8,16,1,11,38,Braamfontein,3.32
637,2018,8,16,1,11,39,Braamfontein,4.67
638,2018,8,16,1,11,40,Braamfontein,5.34
639,2018,8,16,1,11,41,Braamfontein,6.36
640,2018,8,16,1,11,42,Braamfontein,5.27
641,2018,8,16,1,11,43,Braamfontein,6.96
642,2018,8,16,1,11,44,Braamfontein,7.84
643,2018,8,16,1,11,45,Braamfontein,8.43
644,2018,8,16,1,11,46,Braamfontein,7.86
645,2018,8,16,1,11,47,Braamfontein,8.6
646,2018,8,16,1,11,48,Braamfontein,7.91
647,2018,8,16,1,11,49,Braamfontein,7.08
648,2018,8,16,1,11,50,Braamfontein,5.92
649,2018,8,16,1,11,51,Braamfontein,5.58
650,2018,8,16,1,11,52,Braamfontein,5.96
651,2018,8,16,1,11,53,Braamfontein,4.94
652,2018,8,16,1,11,54,Braamfontein,3.54
653,2018,8,16,1,11,55,Braamfontein,2.14
654,2018,8,16,1,11,56,Braamfontein,3.76
655,2018,8,16,1,11,57,Braamfontein,2.07
656,2018,8,16,1,11,58,Braamfontein,2.22
657,2018,8,16,1,11,59,Braamfontein,2.54
658,2018,8,16,1,11,60,Braamfontein,2.96
659,2018,8,16,1,12,1,Braamfontein,1.28
660,2018,8,16,1,12,2,Braamfontein,-0.32
661,2018,8,16,1,12,3,Braamfontein,0.82
662,2018,8,16,1,12,4,Braamfontein,1.06
663,2018,8,16,1,12,5,Braamfontein,2.06
664,2018,8,16,1,12,6,Braamfontein,2.2
665,2018,8,16,1,12,7,Braamfontein,1.95
666,2018,8,16,1,12,8,Braamfontein,3.46
667,2018,8,16,1,12,9,Braamfontein,1.75
668,2018,8,16,1,12,10,Braamfontein,0.76
669,2018,8,16,1,12,11,Braamfontein,1.38
670,2018,8,16,1,12,12,Braamfontein,2.16
671,2018,8,16,1,12,13,Braamfontein,0.68
672,2018,8,16,1,12,14,Braamfontein,-1.16
673,2018,8,16,1,12,15,Braamfontein,-1.17
674,2018,8,16,1,12,16,Braamfontein,-0.76
675,2018,8,16,1,12,17,Braamfontein,0.3
676,2018,8,16,1,12,18,Braamfontein,0.4
677,2018,8,16,1,12,19,Braamfontein,0.47
678,2018,8,16,1,12,20,Braamfontein,0.02
679,2018,8,16,1,12,21,Braamfontein,1.1
680,2018,8,16,1,12,22,Braamfontein,2.78
681,2018,8,16,1,12,23,Braamfontein,3.74
682,2018,8,16,1,12,24,Braamfontein,5.44
683,2018,8,16,1,12,25,Braamfontein,4.84
684,2018,8,16,1,12,26,Braamfontein,3.54
685,2018,8,16,1,12,27,Braamfontein,4.22
686,2018,8,16,1,12,28,Braamfontein,5.72
687,2018,8,16,1,12,29,Braamfontein,4.3
688,2018,8,16,1,12,30,Braamfontein,6.24
689,2018,8,16,1,12,31,Braamfontein,5.92
690,2018,8,16,1,12,32,Braamfontein,6.19
691,2018,8,16,1,12,33,Braamfontein,7.67
692,2018,8,16,1,12,34,Braamfontein,6.5
693,2018,8,16,1,12,35,Braamfontein,8.26
694,2018,8,16,1,12,36,Braamfontein,8.75
695,2018,8,16,1,12,37,Braamfontein,10.22
696,2018,8,16,1,12,38,Braamfontein,8.96
697,2018,8,16,1,12,39,Braamfontein,8.43
698,2018,8,16,1,12,40,Braamfontein,7.72
699,2018,8,16,1,12,41,Braamfontein,8.7
700,2018,8,16,1,12,42,Braamfontein,9.62
701,2018,8,16,1,12,43,Braamfontein,11.35
702,2018,8,16,1,12,44,Braamfontein,11.46
703,2018,8,16,1,12,45,Braamfontein,9.86
704,2018,8,16,1,12,46,Braamfontein,11.56
705,2018,8,16,1,12,47,Braamfontein,11.5
706,2018,8,16,1,12,48,Braamfontein,13.22
707,2018,8,16,1,12,49,Braamfontein,13.4
708,2018,8,16,1,12,50,Braamfontein,14.19
709,2018,8,16,1,12,51,Braamfontein,14.26
710,2018,8,16,1,12,52,Braamfontein,15.0
711,2018,8,16,1,12,53,Braamfontein,14.48
712,2018,8,16,1,12,54,Braamfontein,15.47
713,2018,8,16,1,12,55,Braamfontein,14.43
714,2018,8,16,1,12,56,Braamfontein,13.83
715,2018,8,16,1,12,57,Braamfontein,12.63
716,2018,8,16,1,12,58,Braamfontein,13.88
717,2018,8,16,1,12,59,Braamfontein,12.84
718,2018,8,16,1,12,60,Braamfontein,14.03
719,2018,8,16,1,13,1,Braamfontein,15.27
720,2018,8,16,1,13,2,Braamfontein,15.47
721,2018,8,16,1,13,3,Braamfontein,16.58
722,2018,8,16,1,13,4,Braamfontein,15.19
723,2018,8,16,1,13,5,Braamfontein,16.27
724,2018,8,16,1,13,6,Braamfontein,15.2
725,2018,8,16,1,13,7,Braamfontein,16.43
726,2018,8,16,1,13,8,Braamfontein,16.51
727,2018,8,16,1,13,9,Braamfontein,17.35
728,2018,8,16,1,13,10,Braamfontein,16.24
729,2018,8,16,1,13,11,Braamfontein,15.07
730,2018,8,16,1,13,12,Braamfontein,16.549999
731,2018,8,16,1,13,13,Braamfontein,17.059999
732,2018,8,16,1,13,14,Braamfontein,15.3
733,2018,8,16,1,13,15,Braamfontein,14.02
734,2018,8,16,1,13,16,Braamfontein,15.8
735,2018,8,16,1,13,17,Braamfontein,17.459999
736,2018,8,16,1,13,18,Braamfontein,17.540001
737,2018,8,16,1,13,19,Braamfontein,18.9
738,2018,8,16,1,13,20,Braamfontein,18.110001
739,2018,8,16,1,13,21,Braamfontein,17.75
740,2018,8,16,1,13,22,Braamfontein,19.52
741,2018,8,16,1,13,23,Braamfontein,20.4
742,2018,8,16,1,13,24,Braamfontein,19.84
743,2018,8,16,1,13,25,Braamfontein,20.280001
744,2018,8,16,1,13,26,Braamfontein,20.66
745,2018,8,16,1,13,27,Braamfontein,20.83
746,2018,8,16,1,13,28,Braamfontein,20.16
747,2018,8,16,1,13,29,Braamfontein,18.459999
748,2018,8,16,1,13,30,Braamfontein,20.34
749,2018,8,16,1,13,31,Braamfontein,21.68
750,2018,8,16,1,13,32,Braamfontein,22.4
751,2018,8,16,1,13,33,Braamfontein,23.26
752,2018,8,16,1,13,34,Braamfontein,22.08
753,2018,8,16,1,13,35,Braamfontein,21.58
754,2018,8,16,1,13,36,Braamfontein,22.48
755,2018,8,16,1,13,37,Braamfontein,21.4
756,2018,8,16,1,13,38,Braamfontein,19.82
757,2018,8,16,1,13,39,Braamfontein,19.76
758,2018,8,16,1,13,40,Braamfontein,21.030001
759,2018,8,16,1,13,41,Braamfontein,20.51
760,2018,8,16,1,13,42,Braamfontein,21.07
761,2018,8,16,1,13,43,Braamfontein,19.16
762,2018,8,16,1,13,44,Braamfontein,18.190001
763,2018,8,16,1,13,45,Braamfontein,19.68
764,2018,8,16,1,13,46,Braamfontein,20.549999
765,2018,8,16,1,13,47,Braamfontein,20.5
766,2018,8,16,1,13,48,Braamfontein,21.200001
767,2018,8,16,1,13,49,Braamfontein,22.549999
768,2018,8,16,1,13,50,Braamfontein,23.08
769,2018,8,16,1,13,51,Braamfontein,23.059999
770,2018,8,16,1,13,52,Braamfontein,22.35
771,2018,8,16,1,13,53,Braamfontein,21.91
772,2018,8,16,1,13,54,Braamfontein,23.15
773,2018,8,16,1,13,55,Braamfontein,22.469999
774,2018,8,16,1,13,56,Braamfontein,20.620001
775,2018,8,16,1,13,57,Braamfontein,20.139999
776,2018,8,16,1,13,58,Braamfontein,21.48
777,2018,8,16,1,13,59,Braamfontein,21.91
778,2018,8,16,1,13,60,Braamfontein,22.059999
779,2018,8,16,1,14,1,Braamfontein,21.84
780,2018,8,16,1,14,2,Braamfontein,21.280001
781,2018,8,16,1,14,3,Braamfontein,20.42
782,2018,8,16,1,14,4,Braamfontein,20.68
783,2018,8,16,1,14,5,Braamfontein,20.299999
784,2018,8,16,1,14,6,Braamfontein,19.6
785,2018,8,16,1,14,7,Braamfontein,18.67
786,2018,8,16,1,14,8,Braamfontein,18.139999
787,2018,8,16,1,14,9,Braamfontein,16.799999
788,2018,8,16,1,14,10,Braamfontein,15.94
789,2018,8,16,1,14,11,Braamfontein,16.559999
790,2018,8,16,1,14,12,Braamfontein,15.02
791,2018,8,16,1,14,13,Braamfontein,14.27
792,2018,8,16,1,14,14,Braamfontein,12.42
793,2018,8,16,1,14,15,Braamfontein,12.06
794,2018,8,16,1,14,16,Braamfontein,10.84
795,2018,8,16,1,14,17,Braamfontein,10.9
796,2018,8,16,1,14,18,Braamfontein,11.78
797,2018,8,16,1,14,19,Braamfontein,12.27
798,2018,8,16,1,14,20,Braamfontein,13.15
799,2018,8,16,1,14,21,Braamfontein,12.59
800,2018,8,16,1,14,22,Braamfontein,11.71
801,2018,8,16,1,14,23,Braamfontein,13.11
802,2018,8,16,1,14,24,Braamfontein,13.46
803,2018,8,16,1,14,25,Braamfontein,13.47
804,2018,8,16,1,14,26,Braamfontein,13.7
805,2018,8,16,1,14,27,Braamfontein,14.19
806,2018,8,16,1,14,28,Braamfontein,13.38
807,2018,8,16,1,14,29,Braamfontein,13.64
808,2018,8,16,1,14,30,Braamfontein,12.03
809,2018,8,16,1,14,31,Braamfontein,12.62
810,2018,8,16,1,14,32,Braamfontein,10.78
811,2018,8,16,1,14,33,Braamfontein,10.52
812,2018,8,16,1,14,34,Braamfontein,11.54
813,2018,8,16,1,14,35,Braamfontein,9.56
814,2018,8,16,1,14,36,Braamfontein,11.36
815,2018,8,16,1,14,37,Braamfontein,11.83
816,2018,8,16,1,14,38,Braamfontein,10.22
817,2018,8,16,1,14,39,Braamfontein,11.27
818,2018,8,16,1,14,40,Braamfontein,10.91
819,2018,8,16,1,14,41,Braamfontein,11.48
820,2018,8,16,1,14,42,Braamfontein,12.16
821,2018,8,16,1,14,43,Braamfontein,11.22
822,2018,8,16,1,14,44,Braamfontein,10.18
823,2018,8,16,1,14,45,Braamfontein,10.03
824,2018,8,16,1,14,46,Braamfontein,12.0
825,2018,8,16,1,14,47,Braamfontein,13.88
826,2018,8,16,1,14,48,Braamfontein,12.38
827,2018,8,16,1,14,49,Braamfontein,13.54
828,2018,8,16,1,14,50,Braamfontein,12.95
829,2018,8,16,1,14,51,Braamfontein,12.26
830,2018,8,16,1,14,52,Braamfontein,12.46
831,2018,8,16,1,14,53,Braamfontein,10.59
832,2018,8,16,1,14,54,Braamfontein,10.64
833,2018,8,16,1,14,55,Braamfontein,9.56
834,2018,8,16,1,14,56,Braamfontein,11.0
835,2018,8,16,1,14,57,Braamfontein,9.74
836,2018,8,16,1,14,58,Braamfontein,10.58
837,2018,8,16,1,14,59,Braamfontein,11.34
838,2018,8,16,1,14,60,Braamfontein,11.64
839,2018,8,16,1,15,1,Braamfontein,9.84
840,2018,8,16,1,15,2,Braamfontein,11.23
841,2018,8,16,1,15,3,Braamfontein,12.28
842,2018,8,16,1,15,4,Braamfontein,13.4
843,2018,8,16,1,15,5,Braamfontein,13.62
844,2018,8,16,1,15,6,Braamfontein,12.98
845,2018,8,16,1,15,7,Braamfontein,12.56
846,2018,8,16,1,15,8,Braamfontein,13.59
847,2018,8,16,1,15,9,Braamfontein,13.88
848,2018,8,16,1,15,10,Braamfontein,13.43
849,2018,8,16,1,15,11,Braamfontein,11.63
850,2018,8,16,1,15,12,Braamfontein,10.78
851,2018,8,16,1,15,13,Braamfontein,10.71
852,2018,8,16,1,15,14,Braamfontein,11.91
853,2018,8,16,1,15,15,Braamfontein,10.32
854,2018,8,16,1,15,16,Braamfontein,9.22
855,2018,8,16,1,15,17,Braamfontein,9.23
856,2018,8,16,1,15,18,Braamfontein,10.08
857,2018,8,16,1,15,19,Braamfontein,9.96
858,2018,8,16,1,15,20,Braamfontein,9.04
859,2018,8,16,1,15,21,Braamfontein,7.16
860,2018,8,16,1,15,22,Braamfontein,7.98
861,2018,8,16,1,15,23,Braamfontein,8.96
862,2018,8,16,1,15,24,Braamfontein,8.47
863,2018,8,16,1,15,25,Braamfontein,10.46
864,2018,8,16,1,15,26,Braamfontein,11.35
865,2018,8,16,1,15,27,Braamfontein,12.71
866,2018,8,16,1,15,28,Braamfontein,10.71
867,2018,8,16,1,15,29,Braamfontein,12.06
868,2018,8,16,1,15,30,Braamfontein,10.14
869,2018,8,16,1,15,31,Braamfontein,11.07
870,2018,8,16,1,15,32,Braamfontein,10.47
871,2018,8,16,1,15,33,Braamfontein,11.46
872,2018,8,16,1,15,34,Braamfontein,12.24
873,2018,8,16,1,15,35,Braamfontein,13.63
874,2018,8,16,1,15,36,Braamfontein,12.4
875,2018,8,16,1,15,37,Braamfontein,11.74
876,2018,8,16,1,15,38,Braamfontein,10.5
877,2018,8,16,1,15,39,Braamfontein,12.34
878,2018,8,16,1,15,40,Braamfontein,12.19
879,2018,8,16,1,15,41,Braamfontein,11.58
880,2018,8,16,1,15,42,Braamfontein,10.0
881,2018,8,16,1,15,43,Braamfontein,10.11
882,2018,8,16,1,15,44,Braamfontein,10.2
883,2018,8,16,1,15,45,Braamfontein,8.44
884,2018,8,16,1,15,46,Braamfontein,8.99
885,2018,8,16,1,15,47,Braamfontein,10.51
886,2018,8,16,1,15,48,Braamfontein,9.64
887,2018,8,16,1,15,49,Braamfontein,10.75
888,2018,8,16,1,15,50,Braamfontein,10.43
889,2018,8,16,1,15,51,Braamfontein,10.44
890,2018,8,16,1,15,52,Braamfontein,11.15
891,2018,8,16,1,15,53,Braamfontein,9.32
892,2018,8,16,1,15,54,Braamfontein,9.63
893,2018,8,16,1,15,55,Braamfontein,10.9
894,2018,8,16,1,15,56,Braamfontein,12.86
895,2018,8,16,1,15,57,Braamfontein,14.32
896,2018,8,16,1,15,58,Braamfontein,13.96
897,2018,8,16,1,15,59,Braamfontein,12.38
898,2018,8,16,1,15,60,Braamfontein,11.64
899,2018,8,16,1,16,1,Braamfontein,13.2
900,2018,8,16,1,16,2,Braamfontein,13.72
901,2018,8,16,1,16,3,Braamfontein,13.51
902,2018,8,16,1,16,4,Braamfontein,12.3
903,2018,8,16,1,16,5,Braamfontein,13.8
904,2018,8,16,1,16,6,Braamfontein,14.79
905,2018,8,16,1,16,7,Braamfontein,13.94
906,2018,8,16,1,16,8,Braamfontein,12.75
907,2018,8,16,1,16,9,Braamfontein,11.34
908,2018,8,16,1,16,10,Braamfontein,12.62
909,2018,8,16,1,16,11,Braamfontein,11.43
910,2018,8,16,1,16,12,Braamfontein,13.12
911,2018,8,16,1,16,13,Braamfontein,12.11
912,2018,8,16,1,16,14,Braamfontein,11.75
913,2018,8,16,1,16,15,Braamfontein,12.28
914,2018,8,16,1,16,16,Braamfontein,10.94
915,2018,8,16,1,16,17,Braamfontein,10.59
916,2018,8,16,1,16,18,Braamfontein,8.67
917,2018,8,16,1,16,19,Braamfontein,7.14
918,2018,8,16,1,16,20,Braamfontein,8.64
919,2018,8,16,1,16,21,Braamfontein,8.63
920,2018,8,16,1,16,22,Braamfontein,7.59
921,2018,8,16,1,16,23,Braamfontein,7.36
922,2018,8,16,1,16,24,Braamfontein,8.55
923,2018,8,16,1,16,25,Braamfontein,9.16
924,2018,8,16,1,16,26,Braamfontein,9.54
925,2018,8,16,1,16,27,Braamfontein,10.42
926,2018,8,16,1,16,28,Braamfontein,12.11
927,2018,8,16,1,16,29,Braamfontein,12.48
928,2018,8,16,1,16,30,Braamfontein,12.16
929,2018,8,16,1,16,31,Braamfontein,11.26
930,2018,8,16,1,16,32,Braamfontein,12.63
931,2018,8,16,1,16,33,Braamfontein,14.08
932,2018,8,16,1,16,34,Braamfontein,14.63
933,2018,8,16,1,16,35,Braamfontein,13.06
934,2018,8,16,1,16,36,Braamfontein,12.35
935,2018,8,16,1,16,37,Braamfontein,10.59
936,2018,8,16,1,16,38,Braamfontein,8.68
937,2018,8,16,1,16,39,Braamfontein,7.26
938,2018,8,16,1,16,40,Braamfontein,6.51
939,2018,8,16,1,16,41,Braamfontein,6.11
940,2018,8,16,1,16,42,Braamfontein,5.02
941,2018,8,16,1,16,43,Braamfontein,4.71
942,2018,8,16,1,16,44,Braamfontein,2.92
943,2018,8,16,1,16,45,Braamfontein,3.9
944,2018,8,16,1,16,46,Braamfontein,2.38
945,2018,8,16,1,16,47,Braamfontein,2.51
946,2018,8,16,1,16,48,Braamfontein,1.82
947,2018,8,16,1,16,49,Braamfontein,3.35
948,2018,8,16,1,16,50,Braamfontein,4.75
949,2018,8,16,1,16,51,Braamfontein,6.11
950,2018,8,16,1,16,52,Braamfontein,7.04
951,2018,8,16,1,16,53,Braamfontein,5.32
952,2018,8,16,1,16,54,Braamfontein,3.59
953,2018,8,16,1,16,55,Braamfontein,3.87
954,2018,8,16,1,16,56,Braamfontein,2.31
955,2018,8,16,1,16,57,Braamfontein,4.27
956,2018,8,16,1,16,58,Braamfontein,5.35
957,2018,8,16,1,16,59,Braamfontein,3.64
958,2018,8,16,1,16,60,Braamfontein,4.64
959,2018,8,16,1,17,1,Braamfontein,6.08
960,2018,8,16,1,17,2,Braamfontein,5.79
961,2018,8,16,1,17,3,Braamfontein,5.98
962,2018,8,16,1,17,4,Braamfontein,7.98
963,2018,8,16,1,17,5,Braamfontein,7.35
964,2018,8,16,1,17,6,Braamfontein,7.51
965,2018,8,16,1,17,7,Braamfontein,6.95
966,2018,8,16,1,17,8,Braamfontein,5.56
967,2018,8,16,1,17,9,Braamfontein,7.15
968,2018,8,16,1,17,10,Braamfontein,7.38
969,2018,8,16,1,17,11,Braamfontein,7.88
970,2018,8,16,1,17,12,Braamfontein,9.4
971,2018,8,16,1,17,13,Braamfontein,10.14
972,2018,8,16,1,17,14,Braamfontein,11.83
973,2018,8,16,1,17,15,Braamfontein,10.67
974,2018,8,16,1,17,16,Braamfontein,12.43
975,2018,8,16,1,17,17,Braamfontein,13.08
976,2018,8,16,1,17,18,Braamfontein,14.92
977,2018,8,16,1,17,19,Braamfontein,16.620001
978,2018,8,16,1,17,20,Braamfontein,15.27
979,2018,8,16,1,17,21,Braamfontein,14.08
980,2018,8,16,1,17,22,Braamfontein,13.36
981,2018,8,16,1,17,23,Braamfontein,13.42
982,2018,8,16,1,17,24,Braamfontein,13.32
983,2018,8,16,1,17,25,Braamfontein,12.56
984,2018,8,16,1,17,26,Braamfontein,14.06
985,2018,8,16,1,17,27,Braamfontein,12.4
986,2018,8,16,1,17,28,Braamfontein,12.2
987,2018,8,16,1,17,29,Braamfontein,14.18
988,2018,8,16,1,17,30,Braamfontein,12.4
989,2018,8,16,1,17,31,Braamfontein,11.23
990,2018,8,16,1,17,32,Braamfontein,11.16
991,2018,8,16,1,17,33,Braamfontein,11.62
992,2018,8,16,1,17,34,Braamfontein,10.04
993,2018,8,16,1,17,35,Braamfontein,9.2
994,2018,8,16,1,17,36,Braamfontein,10.82
995,2018,8,16,1,17,37,Braamfontein,10.59
996,2018,8,16,1,17,38,Braamfontein,10.46
997,2018,8,16,1,17,39,Braamfontein,11.52
998,2018,8,16,1,17,40,Braamfontein,12.27
999,2018,8,16,1,17,41,Braamfontein,11.55
1000,2018,8,16,1,17,42,Braamfontein,11.92
